City_ID,City,Lat,Lng,Max Temp,Humidity,Cloudiness,Wind Speed,Country,Date
0,Busselton,-33.65,115.3333,56.25,82,48,9.15,AU,2022-09-27 23:35:06
1,Barmer,25.75,71.3833,80.35,53,9,7.87,IN,2022-09-27 23:35:06
2,Bredasdorp,-34.5322,20.0403,51.46,91,21,2.71,ZA,2022-09-27 23:31:15
3,Harrison,30.4091,-89.0436,80.67,31,0,13.8,US,2022-09-27 23:35:07
4,Ahipara,-35.1667,173.1667,63.79,68,100,12.37,NZ,2022-09-27 23:35:07
5,Atar,20.5169,-13.0499,94.26,35,67,4.85,MR,2022-09-27 23:30:08
6,Flinders,-34.5833,150.8552,64.18,88,85,5.01,AU,2022-09-27 23:35:08
7,Ushuaia,-54.8,-68.3,44.26,76,75,27.63,AR,2022-09-27 23:35:08
8,Homer,59.6425,-151.5483,51.69,61,75,5.75,US,2022-09-27 23:35:08
9,Cape Town,-33.9258,18.4232,56.12,83,0,2.3,ZA,2022-09-27 23:35:08
10,Saskylakh,71.9167,114.0833,23.09,97,80,5.73,RU,2022-09-27 23:35:09
11,Upernavik,72.7868,-56.1549,33.69,100,100,4.03,GL,2022-09-27 23:31:26
12,Georgetown,5.4112,100.3354,79.9,89,40,3.44,MY,2022-09-27 23:30:30
13,Novopokrovka,49.8425,36.5477,55.81,94,100,6.87,UA,2022-09-27 23:35:09
14,Wad Madani,14.4012,33.5199,83.59,49,21,7.78,SD,2022-09-27 23:35:09
15,Kampene,-3.6,26.6667,65.46,98,100,1.63,CD,2022-09-27 23:35:10
16,Bluff,-46.6,168.3333,55.6,78,67,1.61,NZ,2022-09-27 23:35:10
17,Vaini,-21.2,-175.2,78.96,83,20,3.44,TO,2022-09-27 23:35:10
18,Hobart,-42.8794,147.3294,56.26,86,75,5.75,AU,2022-09-27 23:32:18
19,Bandarbeyla,9.4942,50.8122,77.05,87,77,18.7,SO,2022-09-27 23:35:11
20,Sioux Lookout,50.1001,-91.917,46.47,46,20,8.05,CA,2022-09-27 23:35:11
21,Batu,-7.87,112.5283,71.26,69,32,1.05,ID,2022-09-27 23:35:11
22,Matamoros,25.5333,-103.25,84.31,39,75,11.5,MX,2022-09-27 23:35:11
23,Chokurdakh,70.6333,147.9167,26.22,69,97,9.13,RU,2022-09-27 23:30:15
24,Puerto Ayora,-0.7393,-90.3518,66.54,90,78,7.0,EC,2022-09-27 23:35:12
25,New Norfolk,-42.7826,147.0587,55.92,84,100,1.14,AU,2022-09-27 23:32:52
26,Rikitea,-23.1203,-134.9692,69.98,58,67,8.86,PF,2022-09-27 23:35:12
27,Hithadhoo,-0.6,73.0833,78.84,81,100,13.96,MV,2022-09-27 23:35:13
28,Laguna,38.421,-121.4238,90.45,30,0,9.22,US,2022-09-27 23:32:54
29,Avarua,-21.2078,-159.775,78.85,89,20,8.05,CK,2022-09-27 23:35:13
30,Tlacolula,16.9542,-96.4792,72.27,76,79,6.29,MX,2022-09-27 23:35:13
31,Barrow,71.2906,-156.7887,32.02,74,75,12.66,US,2022-09-27 23:35:14
32,Oga,46.4631,10.347,41.68,68,20,3.22,IT,2022-09-27 23:35:14
33,Punta Arenas,-53.15,-70.9167,48.31,61,40,23.02,CL,2022-09-27 23:35:14
34,Port Alfred,-33.5906,26.891,65.17,99,100,5.99,ZA,2022-09-27 23:35:15
35,Atuona,-9.8,-139.0333,77.34,74,3,18.54,PF,2022-09-27 23:35:15
36,Longyearbyen,78.2186,15.6401,35.44,93,75,2.3,SJ,2022-09-27 23:35:15
37,Provideniya,64.3833,-173.3,41.11,81,75,11.01,RU,2022-09-27 23:35:16
38,Chuy,-33.6971,-53.4616,53.82,94,3,6.62,UY,2022-09-27 23:35:16
39,Belmonte,-15.8631,-38.8828,73.35,86,2,6.82,BR,2022-09-27 23:32:51
40,Burnie,-41.0667,145.9167,59.94,60,63,1.74,AU,2022-09-27 23:35:16
41,Clyde River,70.4692,-68.5914,30.43,93,20,6.91,CA,2022-09-27 23:35:17
42,Kinango,-4.1372,39.3153,67.71,94,14,5.59,KE,2022-09-27 23:35:17
43,Namtsy,62.7161,129.6658,31.86,87,100,10.71,RU,2022-09-27 23:35:17
44,Havre-Saint-Pierre,50.2334,-63.5986,53.96,94,100,3.44,CA,2022-09-27 23:35:17
45,Yar-Sale,66.8333,70.8333,28.42,88,97,11.05,RU,2022-09-27 23:35:18
46,Caravelas,-17.7125,-39.2481,73.92,86,0,8.95,BR,2022-09-27 23:35:18
47,Santa Cruz,-17.8,-63.1667,76.46,88,75,13.8,BO,2022-09-27 23:36:19
48,Xiamen,24.4798,118.0819,82.26,78,75,2.24,CN,2022-09-27 23:36:19
49,Saint George,37.1041,-113.5841,94.42,25,0,17.27,US,2022-09-27 23:36:19
50,Menemen,38.6075,27.0694,74.98,57,75,11.5,TR,2022-09-27 23:36:20
51,Butaritari,3.0707,172.7902,81.95,75,63,16.17,KI,2022-09-27 23:36:20
52,Mataura,-46.1927,168.8643,64.0,55,43,3.13,NZ,2022-09-27 23:36:21
53,Henties Bay,-22.116,14.2845,54.25,87,23,3.89,NA,2022-09-27 23:36:21
54,Ilulissat,69.2167,-51.1,41.02,93,75,3.44,GL,2022-09-27 23:36:22
55,Jamestown,42.097,-79.2353,54.99,76,100,8.05,US,2022-09-27 23:36:22
56,Pangoa,-12.1167,-73.0,75.52,73,79,3.22,PE,2022-09-27 23:36:23
57,Pak Phanang,8.3511,100.202,78.82,77,100,9.06,TH,2022-09-27 23:36:23
58,Mareeba,-17.0,145.4333,80.47,72,12,7.05,AU,2022-09-27 23:36:23
59,Olafsvik,64.8945,-23.7142,45.12,61,99,8.41,IS,2022-09-27 23:36:24
60,Itacoatiara,-3.1431,-58.4442,82.83,54,42,2.64,BR,2022-09-27 23:36:24
61,Hamilton,39.1834,-84.5333,61.65,48,40,11.5,US,2022-09-27 23:32:44
62,Hualmay,-11.0964,-77.6139,61.83,81,86,10.83,PE,2022-09-27 23:36:25
63,Albany,42.6001,-73.9662,58.64,86,52,6.15,US,2022-09-27 23:31:30
64,Yumen,40.2833,97.2,61.43,25,0,5.21,CN,2022-09-27 23:36:25
65,Castro,-24.7911,-50.0119,58.21,95,100,11.05,BR,2022-09-27 23:36:26
66,Solhan,38.9634,41.0293,58.44,21,8,0.67,TR,2022-09-27 23:36:26
67,Arraial Do Cabo,-22.9661,-42.0278,70.12,95,96,10.94,BR,2022-09-27 23:36:26
68,Kuytun,54.3419,101.5036,34.56,96,100,4.85,RU,2022-09-27 23:36:26
69,Vermilion,40.1667,-87.7506,63.19,41,0,11.5,US,2022-09-27 23:36:27
70,Mar Del Plata,-38.0023,-57.5575,51.1,66,0,8.05,AR,2022-09-27 23:36:27
71,Boyabat,41.4689,34.7667,64.47,32,80,1.3,TR,2022-09-27 23:36:27
72,Fortuna,40.5982,-124.1573,68.94,71,55,1.99,US,2022-09-27 23:36:28
73,Bambous Virieux,-20.3428,57.7575,71.22,64,40,11.5,MU,2022-09-27 23:36:28
74,Namatanai,-3.6667,152.4333,84.74,64,88,10.74,PG,2022-09-27 23:36:28
75,Warri,5.5167,5.75,73.13,96,100,3.2,NG,2022-09-27 23:36:28
76,Victoria,22.2855,114.1577,85.17,76,97,18.01,HK,2022-09-27 23:35:41
77,Kedrovyy,56.1667,91.8167,32.41,98,100,6.15,RU,2022-09-27 23:36:29
78,Labuhan,-6.8844,112.2051,79.45,70,33,8.86,ID,2022-09-27 23:36:29
79,Luderitz,-26.6481,15.1594,56.07,63,1,10.38,NA,2022-09-27 23:36:29
80,Santa Catarina De Tepehuanes,25.35,-105.7333,67.23,65,42,11.3,MX,2022-09-27 23:36:29
81,Carballo,43.213,-8.691,62.29,94,89,4.74,ES,2022-09-27 23:35:45
82,Talnakh,69.4865,88.3972,18.36,82,58,4.5,RU,2022-09-27 23:36:30
83,Inca,39.7211,2.9109,72.09,63,22,11.41,ES,2022-09-27 23:36:30
84,Ambam,2.3833,11.2833,67.23,98,99,3.31,CM,2022-09-27 23:36:30
85,Kudahuvadhoo,2.6708,72.8944,81.05,77,99,15.32,MV,2022-09-27 23:36:31
86,Abalak,58.1286,68.5944,24.37,95,87,6.35,RU,2022-09-27 23:36:31
87,Atambua,-9.1061,124.8925,81.61,64,83,0.87,ID,2022-09-27 23:36:31
88,Atlantic City,39.3643,-74.4229,66.97,53,0,6.91,US,2022-09-27 23:36:32
89,Inhambane,-23.865,35.3833,71.53,91,11,8.19,MZ,2022-09-27 23:36:32
90,Krasnoselkup,65.7,82.4667,24.67,73,93,8.34,RU,2022-09-27 23:37:32
91,Ponta Do Sol,32.6667,-17.1,70.43,76,95,5.64,PT,2022-09-27 23:37:32
92,Tessalit,20.1986,1.0114,92.44,14,70,6.49,ML,2022-09-27 23:37:33
93,Charters Towers,-20.1,146.2667,78.13,55,59,5.26,AU,2022-09-27 23:37:33
94,Lompoc,34.6391,-120.4579,85.01,73,40,14.97,US,2022-09-27 23:37:33
95,Carnarvon,-24.8667,113.6333,69.87,31,1,11.21,AU,2022-09-27 23:37:33
96,Kahului,20.8947,-156.47,87.82,64,40,28.77,US,2022-09-27 23:33:12
97,Mweka,-4.85,21.5667,67.57,98,95,1.68,CD,2022-09-27 23:37:34
98,Sitka,57.0531,-135.33,56.62,76,99,2.77,US,2022-09-27 23:34:35
99,Zadar,44.1197,15.2422,57.81,100,75,8.05,HR,2022-09-27 23:37:34
100,Bennettsville,34.6174,-79.6848,74.05,77,0,0.0,US,2022-09-27 23:37:34
101,Glinka,54.6404,32.8781,45.79,85,89,8.79,RU,2022-09-27 23:37:35
102,Diu,20.7141,70.9822,76.06,80,2,6.58,IN,2022-09-27 23:37:35
103,Senador Jose Porfirio,-2.5908,-51.9542,76.6,78,46,3.33,BR,2022-09-27 23:37:35
104,East London,-33.0153,27.9116,68.56,93,100,23.42,ZA,2022-09-27 23:37:35
105,Mount Isa,-20.7333,139.5,64.17,100,100,6.91,AU,2022-09-27 23:37:36
106,Rundu,-17.9333,19.7667,72.82,23,45,6.73,NA,2022-09-27 23:37:36
107,Beisfjord,68.3751,17.5988,46.45,79,16,7.31,NO,2022-09-27 23:37:36
108,Dikson,73.5069,80.5464,31.87,70,100,6.33,RU,2022-09-27 23:37:37
109,La Rioja,42.25,-2.5,53.38,76,35,6.24,ES,2022-09-27 23:33:45
110,Tiznit,29.5833,-9.5,66.13,64,62,2.93,MA,2022-09-27 23:37:37
111,Mayo,38.8876,-76.5119,67.08,57,0,3.44,US,2022-09-27 23:37:37
112,Tombouctou,20.0,-3.0,95.94,13,37,5.75,ML,2022-09-27 23:37:38
113,Huanren,41.2647,125.3667,62.6,75,0,4.05,CN,2022-09-27 23:37:38
114,Otukpo,7.1913,8.1329,71.55,98,99,6.29,NG,2022-09-27 23:37:38
115,Hilo,19.7297,-155.09,86.29,77,75,13.8,US,2022-09-27 23:34:23
116,Mehamn,71.0357,27.8492,48.11,87,100,5.75,NO,2022-09-27 23:37:39
117,Constitucion,-35.3333,-72.4167,52.74,83,0,8.93,CL,2022-09-27 23:37:39
118,Ishigaki,24.3448,124.1572,82.53,83,20,8.05,JP,2022-09-27 23:37:39
119,Nizhnedevitsk,51.5419,38.3657,54.59,95,100,11.27,RU,2022-09-27 23:37:39
120,Barcelos,41.5388,-8.6151,61.92,87,3,6.33,PT,2022-09-27 23:37:40
121,Nam Dinh,20.4167,106.1667,76.08,95,100,12.17,VN,2022-09-27 23:37:37
122,Cherskiy,68.75,161.3,31.15,57,9,4.09,RU,2022-09-27 23:32:54
123,Polunochnoye,60.8697,60.4153,22.71,89,85,4.99,RU,2022-09-27 23:37:40
124,Coquimbo,-29.9533,-71.3436,56.93,82,75,6.91,CL,2022-09-27 23:37:40
125,Soyo,-6.1349,12.3689,74.14,86,99,7.31,AO,2022-09-27 23:37:41
126,Bengkulu,-3.8004,102.2655,75.4,88,85,3.67,ID,2022-09-27 23:37:41
127,Leningradskiy,69.3833,178.4167,28.74,85,100,3.27,RU,2022-09-27 23:37:41
128,Merauke,-8.4667,140.3333,82.63,76,95,7.05,ID,2022-09-27 23:37:41
129,Ginda,30.6945,78.4932,56.68,84,3,5.66,IN,2022-09-27 23:37:42
130,Kendari,-3.945,122.4989,79.9,80,97,2.21,ID,2022-09-27 23:37:42
131,Kapaa,22.0752,-159.319,85.98,64,0,11.5,US,2022-09-27 23:37:42
132,Hermanus,-34.4187,19.2345,47.8,83,3,6.89,ZA,2022-09-27 23:37:43
133,Gamba,-2.65,10.0,75.07,84,100,5.23,GA,2022-09-27 23:37:43
134,Gornyak,50.9942,81.4661,47.37,82,100,13.13,RU,2022-09-27 23:38:43
135,Bowen,-20.0167,148.2333,77.36,61,17,6.15,AU,2022-09-27 23:38:43
136,Ayan,56.45,138.1667,40.87,75,100,6.17,RU,2022-09-27 23:38:44
137,Paita,-5.0892,-81.1144,63.45,84,43,17.47,PE,2022-09-27 23:38:44
138,Lebu,-37.6167,-73.65,50.94,86,0,15.79,CL,2022-09-27 23:38:44
139,Kaitangata,-46.2817,169.8464,60.19,61,36,7.43,NZ,2022-09-27 23:38:44
140,Vila Velha,-20.3297,-40.2925,76.95,96,100,1.14,BR,2022-09-27 23:38:45
141,Cine,37.6117,28.0614,67.82,55,50,5.23,TR,2022-09-27 23:38:45
142,Fort Nelson,58.8053,-122.7002,78.39,24,75,11.5,CA,2022-09-27 23:38:45
143,Tasiilaq,65.6145,-37.6368,35.76,99,100,3.0,GL,2022-09-27 23:38:45
144,Salinopolis,-0.6136,-47.3561,80.64,79,38,12.66,BR,2022-09-27 23:34:18
145,Cap Malheureux,-19.9842,57.6142,71.47,59,46,7.0,MU,2022-09-27 23:38:46
146,Bjornevatn,69.6672,29.9847,43.14,87,100,5.75,NO,2022-09-27 23:38:46
147,Asandh,29.5167,76.6,74.91,78,0,2.35,IN,2022-09-27 23:38:47
148,Torbay,47.6666,-52.7314,66.97,88,75,12.66,CA,2022-09-27 23:35:34
149,Khatanga,71.9667,102.5,16.39,96,97,3.29,RU,2022-09-27 23:38:47
150,Tucumcari,35.1717,-103.725,84.04,23,0,5.75,US,2022-09-27 23:38:47
151,Kungurtug,50.5994,97.5228,39.99,94,100,4.97,RU,2022-09-27 23:38:47
152,Vila Do Maio,15.1333,-23.2167,79.59,77,55,13.4,CV,2022-09-27 23:38:48
153,Sonoita,31.85,-112.8333,98.17,21,17,6.38,MX,2022-09-27 23:38:48
154,College,64.8569,-147.8028,41.58,90,100,4.61,US,2022-09-27 23:34:43
155,Newcastle,-32.9272,151.7765,67.48,79,18,5.01,AU,2022-09-27 23:36:38
156,Lavrentiya,65.5833,-171.0,39.85,75,97,11.61,RU,2022-09-27 23:38:48
157,Pevek,69.7008,170.3133,29.17,74,63,5.17,RU,2022-09-27 23:38:49
158,Iqaluit,63.7506,-68.5145,35.33,69,100,13.8,CA,2022-09-27 23:38:49
159,Abohar,30.15,74.1833,76.84,69,0,5.73,IN,2022-09-27 23:38:49
160,Baghdad,33.3406,44.4009,71.51,21,0,6.91,IQ,2022-09-27 23:38:49
161,Carupano,10.6678,-63.2585,79.36,88,100,5.32,VE,2022-09-27 23:38:50
162,Emba,48.8264,58.1442,48.09,60,82,1.79,KZ,2022-09-27 23:38:50
163,Nieuw Nickerie,5.95,-56.9833,81.95,80,92,14.7,SR,2022-09-27 23:38:50
164,Kibondo,-3.5864,30.7203,64.69,50,94,2.37,TZ,2022-09-27 23:38:50
165,Chapais,49.7834,-74.8492,49.78,88,100,4.34,CA,2022-09-27 23:38:51
166,Aljezur,37.3191,-8.8033,62.42,86,3,12.77,PT,2022-09-27 23:38:51
167,Port Elizabeth,-33.918,25.5701,65.32,99,100,19.57,ZA,2022-09-27 23:38:51
168,Bako,5.7833,36.5667,63.93,68,9,4.21,ET,2022-09-27 23:38:51
169,San Cristobal,7.7669,-72.225,75.38,93,93,1.54,VE,2022-09-27 23:38:52
170,Abonnema,4.7084,6.7931,75.49,92,100,5.3,NG,2022-09-27 23:38:52
171,Sadasivpet,17.6212,77.9503,71.13,96,95,5.7,IN,2022-09-27 23:38:52
172,Lorengau,-2.0226,147.2712,84.65,70,84,12.75,PG,2022-09-27 23:37:09
173,Palmer,42.1584,-72.3287,62.46,69,20,8.05,US,2022-09-27 23:35:24
174,Norrtalje,59.758,18.705,57.02,85,100,10.6,SE,2022-09-27 23:38:53
175,Katsuura,35.1333,140.3,73.42,63,55,18.54,JP,2022-09-27 23:35:34
176,Shingu,33.7333,135.9833,73.17,87,95,3.24,JP,2022-09-27 23:38:53
177,Ahuimanu,21.4447,-157.8378,89.31,58,20,14.97,US,2022-09-27 23:38:53
178,Port Hardy,50.6996,-127.4199,57.38,88,75,3.44,CA,2022-09-27 23:38:53
179,North Bend,43.4065,-124.2243,70.25,86,100,11.5,US,2022-09-27 23:39:54
180,Chuzhou,32.3219,118.2978,68.68,69,100,4.65,CN,2022-09-27 23:39:54
181,Arteaga,18.4667,-102.4167,68.47,93,91,2.57,MX,2022-09-27 23:39:54
182,Verkhneuralsk,53.8769,59.2106,27.63,89,97,4.03,RU,2022-09-27 23:39:54
183,Englewood,39.6478,-104.9878,75.06,38,40,20.71,US,2022-09-27 23:38:02
184,Sao Filipe,14.8961,-24.4956,78.35,72,34,6.04,CV,2022-09-27 23:39:55
185,Portland,45.5234,-122.6762,84.81,49,40,8.01,US,2022-09-27 23:35:28
186,Santa Vitoria Do Palmar,-33.5189,-53.3681,53.83,93,5,6.51,BR,2022-09-27 23:39:55
187,Nikolskoye,59.7035,30.7861,42.69,97,11,4.18,RU,2022-09-27 23:39:55
188,Pietarsaari,63.65,22.6833,45.9,90,91,7.65,FI,2022-09-27 23:39:56
189,Barinas,8.6226,-70.2075,86.04,70,99,3.44,VE,2022-09-27 23:39:56
190,Tuktoyaktuk,69.4541,-133.0374,32.0,100,100,21.85,CA,2022-09-27 23:38:21
191,Tianpeng,30.9866,103.9393,61.27,86,97,1.3,CN,2022-09-27 23:39:56
192,Qaanaaq,77.484,-69.3632,30.13,97,99,4.74,GL,2022-09-27 23:39:56
193,Novosheshminsk,55.0651,51.2338,39.92,67,100,10.98,RU,2022-09-27 23:39:57
194,Taksimo,56.3444,114.8794,30.81,66,18,1.61,RU,2022-09-27 23:39:57
195,Huejuquilla El Alto,22.6,-103.8667,68.31,56,97,5.82,MX,2022-09-27 23:39:57
196,Suluq,31.6682,20.2521,83.21,30,10,9.19,LY,2022-09-27 23:39:57
197,Vila Franca Do Campo,37.7167,-25.4333,68.2,81,21,9.46,PT,2022-09-27 23:39:58
198,Dyersburg,36.0345,-89.3856,76.87,33,0,6.91,US,2022-09-27 23:38:52
199,Nyuksenitsa,60.4128,44.2397,40.35,92,99,7.63,RU,2022-09-27 23:39:58
200,Davila,18.4726,120.5763,78.78,80,93,7.16,PH,2022-09-27 23:39:58
201,Chum Phae,16.5443,102.0992,73.65,86,98,3.15,TH,2022-09-27 23:39:59
202,Fier,40.7239,19.5561,67.69,73,0,8.79,AL,2022-09-27 23:39:59
203,Banyuwangi,-8.2325,114.3576,80.19,69,21,3.56,ID,2022-09-27 23:39:59
204,Cedar City,37.6775,-113.0619,78.4,29,75,0.0,US,2022-09-27 23:39:59
205,Buchanan,5.8808,-10.0467,75.97,91,74,4.23,LR,2022-09-27 23:40:00
206,Kanker,20.2719,81.4931,72.57,93,100,1.43,IN,2022-09-27 23:40:00
207,Omsukchan,62.5333,155.8,33.76,73,93,3.51,RU,2022-09-27 23:40:00
208,Chabahar,25.2919,60.643,79.34,77,37,3.06,IR,2022-09-27 23:40:00
209,Caen,49.0833,-0.4167,53.82,94,75,9.22,FR,2022-09-27 23:39:58
210,Prainha,-1.8,-53.48,80.24,62,16,3.29,BR,2022-09-27 23:40:01
211,Namibe,-15.1961,12.1522,61.74,84,62,5.19,AO,2022-09-27 23:40:01
212,Caucaia,-3.7361,-38.6531,80.55,76,40,11.5,BR,2022-09-27 23:40:01
213,Elizabeth City,36.2946,-76.2511,73.42,48,0,6.91,US,2022-09-27 23:40:02
214,Grand Gaube,-20.0064,57.6608,71.38,58,51,5.99,MU,2022-09-27 23:40:02
215,Odessa,46.4775,30.7326,63.72,75,93,4.29,UA,2022-09-27 23:37:20
216,Beloha,-25.1667,45.05,66.7,93,0,9.57,MG,2022-09-27 23:40:02
217,Kavaratti,10.5669,72.642,81.23,76,44,14.43,IN,2022-09-27 23:40:02
218,Saint-Georges,12.0564,-61.7485,82.08,83,20,8.05,GD,2022-09-27 23:39:10
219,Krieglach,47.5333,15.55,43.75,93,49,1.43,AT,2022-09-27 23:40:03
220,Acapulco,16.8634,-99.8901,84.02,74,75,10.36,MX,2022-09-27 23:39:59
221,Pedernales,18.0384,-71.744,82.78,74,36,7.0,DO,2022-09-27 23:40:03
222,Belaya Gora,68.5333,146.4167,29.82,76,100,12.97,RU,2022-09-27 23:40:04
223,Yaransk,57.3033,47.8861,37.6,73,100,13.87,RU,2022-09-27 23:40:04
224,La Palma,33.8464,-118.0467,104.27,51,20,10.36,US,2022-09-27 23:41:04
225,Panjakent,39.4952,67.6093,57.79,45,0,0.2,TJ,2022-09-27 23:41:04
226,Maldonado,-34.6667,-54.9167,54.79,87,2,7.11,UY,2022-09-27 23:41:05
227,Ostrovnoy,68.0531,39.5131,38.37,82,100,8.05,RU,2022-09-27 23:41:05
228,Youghal,51.95,-7.8506,51.01,100,100,11.61,IE,2022-09-27 23:41:05
229,Vestmannaeyjar,63.4427,-20.2734,48.24,67,96,6.29,IS,2022-09-27 23:41:05
230,Tuatapere,-46.1333,167.6833,58.66,64,63,1.25,NZ,2022-09-27 23:41:06
231,Foki,56.693,54.3499,27.84,78,13,6.87,RU,2022-09-27 23:41:06
232,Erzurum,40.0,41.5,52.57,23,18,3.51,TR,2022-09-27 23:41:06
233,Kupang,-10.1667,123.5833,84.38,61,61,2.46,ID,2022-09-27 23:41:07
234,Narsaq,60.9167,-46.05,44.82,94,100,0.78,GL,2022-09-27 23:38:20
235,Tura,25.5198,90.2201,71.87,93,48,3.36,IN,2022-09-27 23:41:07
236,Inuvik,68.3499,-133.7218,34.66,93,100,14.97,CA,2022-09-27 23:41:07
237,Hobyo,5.3505,48.5268,77.27,87,15,19.8,SO,2022-09-27 23:41:08
238,Kaniama,-7.5667,24.1833,70.59,79,91,7.2,CD,2022-09-27 23:41:08
239,Luang Prabang,19.8856,102.1347,72.39,81,68,1.36,LA,2022-09-27 23:41:08
240,Surt,31.2089,16.5887,80.04,78,7,9.8,LY,2022-09-27 23:41:09
241,Havoysund,70.9963,24.6622,46.63,80,36,12.73,NO,2022-09-27 23:41:09
242,Koungou,-12.7336,45.2042,73.11,88,0,2.3,YT,2022-09-27 23:41:09
243,Touros,-5.1989,-35.4608,76.57,71,4,18.07,BR,2022-09-27 23:41:10
244,Kodinsk,58.6881,99.1844,31.28,88,100,6.02,RU,2022-09-27 23:41:10
245,Kavieng,-2.5744,150.7967,84.79,63,77,15.12,PG,2022-09-27 23:41:10
246,Pangnirtung,66.1451,-65.7125,33.93,80,61,3.65,CA,2022-09-27 23:41:11
247,Samarai,-10.6167,150.6667,82.56,77,77,11.77,PG,2022-09-27 23:41:11
248,Naze,28.3667,129.4833,77.92,76,3,5.5,JP,2022-09-27 23:41:11
249,Brae,60.3964,-1.353,50.72,91,53,11.77,GB,2022-09-27 23:41:11
250,Pervomayskoye,43.919,46.7102,64.51,92,96,9.44,RU,2022-09-27 23:41:12
251,Sujiatun,41.6592,123.3392,60.98,72,0,4.47,CN,2022-09-27 23:41:12
252,Kiunga,-6.1219,141.2906,74.79,97,100,1.54,PG,2022-09-27 23:41:12
253,Talaya,61.3833,152.75,31.19,81,92,1.97,RU,2022-09-27 23:41:13
254,Ola,59.5833,151.2833,42.49,77,100,22.3,RU,2022-09-27 23:41:13
255,Beaverlodge,55.2166,-119.4361,78.15,37,55,4.47,CA,2022-09-27 23:41:13
256,Geraldton,-28.7667,114.6,52.21,93,0,6.91,AU,2022-09-27 23:41:14
257,Sorong,-0.8833,131.25,81.61,77,82,7.67,ID,2022-09-27 23:41:14
258,Deputatskiy,69.3,139.9,21.74,96,100,4.23,RU,2022-09-27 23:41:14
259,Faanui,-16.4833,-151.75,78.01,75,3,11.83,PF,2022-09-27 23:41:15
260,Thompson,55.7435,-97.8558,57.36,51,40,8.05,CA,2022-09-27 23:41:15
261,Abha,18.2164,42.5053,64.22,25,0,5.75,SA,2022-09-27 23:41:15
262,Kruisfontein,-34.0033,24.7314,61.88,97,100,1.81,ZA,2022-09-27 23:41:15
263,Causapscal,48.3542,-67.227,52.07,94,100,3.98,CA,2022-09-27 23:41:16
264,Hargeysa,9.56,44.065,73.22,55,32,10.13,SO,2022-09-27 23:41:16
265,Tiksi,71.6872,128.8694,32.04,89,100,20.49,RU,2022-09-27 23:41:16
266,Saint-Pierre,-21.3393,55.4781,67.68,56,100,5.75,RE,2022-09-27 23:41:17
267,Flin Flon,54.7682,-101.865,64.24,52,20,8.05,CA,2022-09-27 23:41:17
268,Egvekinot,66.3167,-179.1667,29.05,75,100,9.64,RU,2022-09-27 23:41:17
269,Parkes,-33.1333,148.1833,46.45,89,99,5.32,AU,2022-09-27 23:41:17
270,Bagarji,27.756,68.7524,80.6,74,2,0.0,PK,2022-09-27 23:41:18
271,Zhangye,38.9342,100.4517,59.23,38,0,6.46,CN,2022-09-27 23:41:18
272,Arica,-18.475,-70.3042,62.15,72,0,6.91,CL,2022-09-27 23:39:00
273,Yellowknife,62.456,-114.3525,72.12,43,75,11.5,CA,2022-09-27 23:40:07
274,Kerema,-7.9631,145.7785,83.95,73,91,4.18,PG,2022-09-27 23:42:19
275,Khomutovo,52.4658,104.4025,30.81,81,78,4.45,RU,2022-09-27 23:42:19
276,Cayenne,4.9333,-52.3333,80.64,83,0,9.22,GF,2022-09-27 23:39:51
277,Eureka,40.8021,-124.1637,74.68,72,66,3.96,US,2022-09-27 23:42:19
278,The Valley,18.217,-63.0578,83.1,78,20,11.5,AI,2022-09-27 23:42:19
279,Dongning,44.0622,131.1207,64.63,66,0,3.13,CN,2022-09-27 23:42:20
280,Tambopata,-12.7333,-69.1833,85.89,62,0,1.14,PE,2022-09-27 23:42:20
281,Ta Khmau,11.4833,104.95,78.85,83,75,6.91,KH,2022-09-27 23:42:21
282,Jacqueville,5.2052,-4.4146,75.96,90,74,12.91,CI,2022-09-27 23:42:21
283,Pahrump,36.2083,-115.9839,96.85,13,57,5.21,US,2022-09-27 23:42:21
284,Saint-Philippe,-21.3585,55.7679,67.59,71,42,9.35,RE,2022-09-27 23:42:21
285,Kodiak,57.79,-152.4072,49.51,87,100,6.91,US,2022-09-27 23:41:36
286,Opatija,45.3392,14.3083,58.17,83,91,4.45,HR,2022-09-27 23:42:22
287,Vilyuysk,63.7553,121.6247,27.09,70,41,7.58,RU,2022-09-27 23:42:22
288,Chumikan,54.7183,135.315,38.05,98,100,7.45,RU,2022-09-27 23:42:22
289,La Ronge,55.1001,-105.2842,71.82,32,40,10.36,CA,2022-09-27 23:42:23
290,Lucapa,-8.4192,20.7447,66.18,87,84,3.53,AO,2022-09-27 23:42:23
291,Mahibadhoo,3.7833,72.9667,81.45,75,56,14.29,MV,2022-09-27 23:42:23
292,Vao,-22.6667,167.4833,74.28,77,22,12.86,NC,2022-09-27 23:42:23
293,Ranipur,27.2879,68.5051,79.56,63,5,10.45,PK,2022-09-27 23:42:24
294,Fujin,47.26,132.0322,64.72,66,73,11.3,CN,2022-09-27 23:42:24
295,Myingyan,21.4667,95.3833,79.07,87,18,1.99,MM,2022-09-27 23:42:24
296,Zonguldak,41.25,31.8333,59.92,49,68,5.95,TR,2022-09-27 23:42:25
297,Kasongo-Lunda,-6.4667,16.8167,71.2,93,99,2.82,CD,2022-09-27 23:42:25
298,Panlaitan,12.1191,119.8486,79.56,82,100,5.97,PH,2022-09-27 23:42:25
299,Porto Santo,33.072,-16.3415,70.18,64,40,9.22,PT,2022-09-27 23:42:25
300,Pecos,31.4229,-103.4932,88.63,20,0,12.66,US,2022-09-27 23:42:26
301,Mao,39.8885,4.2658,64.96,82,0,1.14,ES,2022-09-27 23:42:26
302,Poum,-20.2333,164.0167,77.65,77,18,13.51,NC,2022-09-27 23:42:26
303,Tilichiki,60.4667,166.1,38.95,66,100,2.33,RU,2022-09-27 23:42:26
304,Broome,42.2506,-75.833,55.6,84,100,4.61,US,2022-09-27 23:42:27
305,Anadyr,64.75,177.4833,36.1,74,0,8.95,RU,2022-09-27 23:42:27
306,Bayonne,43.3333,-1.4167,63.14,100,100,9.22,FR,2022-09-27 23:39:59
307,Verkhoyansk,67.5447,133.385,29.32,90,100,3.67,RU,2022-09-27 23:42:27
308,Moose Factory,51.2585,-80.6094,46.4,93,100,11.5,CA,2022-09-27 23:42:28
309,Nanortalik,60.1432,-45.2371,43.2,98,98,4.65,GL,2022-09-27 23:42:28
310,Oarai,36.3167,140.6,72.34,69,96,16.58,JP,2022-09-27 23:42:28
311,Puqi,29.7167,113.8833,72.66,52,64,2.86,CN,2022-09-27 23:42:29
312,Kununurra,-15.7667,128.7333,84.18,39,40,12.66,AU,2022-09-27 23:38:10
313,Alyangula,-13.8483,136.4192,83.35,71,91,8.63,AU,2022-09-27 23:42:29
314,Lady Lake,28.9175,-81.9229,78.12,94,40,5.75,US,2022-09-27 23:42:29
315,Port-Gentil,-0.7193,8.7815,76.96,88,75,6.91,GA,2022-09-27 23:42:30
316,Cidreira,-30.1811,-50.2056,60.46,87,100,10.94,BR,2022-09-27 23:42:30
317,Evensk,61.95,159.2333,41.43,62,89,13.15,RU,2022-09-27 23:42:30
318,Miramar,25.9873,-80.2323,82.42,91,100,33.38,US,2022-09-27 23:42:30
319,Nantucket,41.2835,-70.0995,66.25,65,0,9.22,US,2022-09-27 23:41:18
320,Harlingen,26.1906,-97.6961,84.11,79,20,14.97,US,2022-09-27 23:42:31
321,Owando,-0.4819,15.8999,70.74,95,100,3.65,CG,2022-09-27 23:43:31
322,Pacific Grove,36.6177,-121.9166,79.02,79,0,11.99,US,2022-09-27 23:43:31
323,Airai,-8.9266,125.4092,69.03,70,100,0.6,TL,2022-09-27 23:43:32
324,Yuza,39.0,139.9167,62.65,82,100,4.14,JP,2022-09-27 23:43:32
325,Avera,33.194,-82.5271,71.65,30,79,8.48,US,2022-09-27 23:43:32
326,Canaries,28.0,-15.5,66.16,78,40,14.97,ES,2022-09-27 23:43:32
327,Calama,-22.4667,-68.9333,59.49,8,0,14.97,CL,2022-09-27 23:43:33
328,Namyslow,51.0759,17.7228,46.33,93,54,6.31,PL,2022-09-27 23:43:33
329,Makakilo City,21.3469,-158.0858,88.12,50,40,14.97,US,2022-09-27 23:43:33
330,Cabra,37.4725,-4.4421,60.89,54,0,4.09,ES,2022-09-27 23:43:33
331,Oktyabrskiy,54.4815,53.471,37.6,69,100,5.64,RU,2022-09-27 23:43:34
332,Souillac,-20.5167,57.5167,70.18,64,40,11.5,MU,2022-09-27 23:43:34
333,Matara,5.9485,80.5353,77.13,89,90,10.58,LK,2022-09-27 23:43:34
334,Merrill,45.1805,-89.6835,48.15,78,100,10.36,US,2022-09-27 23:43:35
335,Poltavskaya,45.362,38.2154,64.06,74,98,6.62,RU,2022-09-27 23:43:35
336,Kismayo,-0.3582,42.5454,76.37,83,51,14.5,SO,2022-09-27 23:43:35
337,Shubarshi,48.5872,57.1869,50.09,55,93,4.25,KZ,2022-09-27 23:43:35
338,Hrodna,53.6884,23.8258,47.3,96,100,9.37,BY,2022-09-27 23:43:36
339,Oriximina,-1.7656,-55.8661,83.93,51,20,2.3,BR,2022-09-27 23:43:36
340,Ambilobe,-13.2,49.05,64.65,74,6,4.27,MG,2022-09-27 23:43:36
341,Skeldon,5.8833,-57.1333,79.5,85,97,8.52,GY,2022-09-27 23:43:36
342,Sept-Iles,50.2001,-66.3821,50.05,98,100,3.44,CA,2022-09-27 23:39:37
343,Mananjary,-21.2167,48.3333,67.68,88,44,3.04,MG,2022-09-27 23:43:37
344,Lata,40.1629,-8.3327,62.82,96,20,1.1,PT,2022-09-27 23:43:37
345,Tahta,26.7693,31.5021,87.33,22,0,7.16,EG,2022-09-27 23:43:37
346,Ust-Kulom,61.6864,53.6902,26.04,80,4,3.83,RU,2022-09-27 23:43:37
347,Wuchi,29.3786,103.023,52.18,91,100,2.8,CN,2022-09-27 23:43:38
348,Te Anau,-45.4167,167.7167,55.76,66,89,3.24,NZ,2022-09-27 23:43:38
349,Auki,-8.7676,160.7034,85.35,56,82,4.68,SB,2022-09-27 23:43:38
350,Rexburg,43.826,-111.7897,81.91,17,0,5.75,US,2022-09-27 23:43:38
351,San Patricio,28.017,-97.5169,87.75,39,2,12.15,US,2022-09-27 23:43:39
352,Amuntai,-2.4177,115.2494,78.75,75,86,2.08,ID,2022-09-27 23:43:39
353,Seoul,37.5683,126.9778,65.64,85,0,2.3,KR,2022-09-27 23:39:27
354,Tucuma,-0.1833,-50.05,78.85,81,72,7.45,BR,2022-09-27 23:43:39
355,Ialibu,-6.2821,143.9935,65.41,78,98,1.95,PG,2022-09-27 23:43:40
356,Sur,22.5667,59.5289,80.1,75,6,10.85,OM,2022-09-27 23:43:40
357,Shambu,9.5667,37.1,49.12,86,12,2.04,ET,2022-09-27 23:43:40
358,Timmins,48.4669,-81.3331,40.82,93,100,11.5,CA,2022-09-27 23:43:40
359,Port Maria,18.3685,-76.8895,84.16,94,93,5.37,JM,2022-09-27 23:43:41
360,Camocim,-2.9022,-40.8411,77.9,79,5,12.24,BR,2022-09-27 23:43:41
361,Cortez,37.3489,-108.5859,75.96,34,75,12.66,US,2022-09-27 23:43:41
362,Monrovia,6.3005,-10.7969,76.82,88,78,5.97,LR,2022-09-27 23:43:41
363,Rio Grande,-32.035,-52.0986,55.51,91,0,8.37,BR,2022-09-27 23:43:42
364,Bathsheba,13.2167,-59.5167,81.21,95,40,11.5,BB,2022-09-27 23:40:01
365,Dukat,62.55,155.55,31.55,76,96,3.42,RU,2022-09-27 23:43:42
366,Mazagao,-0.115,-51.2894,86.05,75,76,6.91,BR,2022-09-27 23:43:42
367,Llanes,43.4198,-4.7549,64.74,80,93,17.25,ES,2022-09-27 23:44:42
368,Okhotsk,59.3833,143.3,38.43,85,100,11.41,RU,2022-09-27 23:44:43
369,Athens,37.9795,23.7162,75.58,80,89,3.0,GR,2022-09-27 23:43:55
370,Mattru,7.6244,-11.8332,71.98,97,53,1.5,SL,2022-09-27 23:44:43
371,Mezen,65.8522,44.24,31.14,86,100,6.33,RU,2022-09-27 23:44:43
372,Hun,29.1268,15.9477,88.43,20,9,7.65,LY,2022-09-27 23:44:44
373,Chekhov,55.1431,37.4711,46.35,95,100,12.01,RU,2022-09-27 23:44:44
374,Huntingdon,52.3305,-0.1865,47.26,91,53,9.24,GB,2022-09-27 23:44:44
375,Plouzane,48.3833,-4.6167,59.32,97,100,20.71,FR,2022-09-27 23:44:44
376,Marystown,47.1666,-55.1483,62.26,91,100,14.05,CA,2022-09-27 23:44:45
377,Worland,44.0169,-107.9554,87.89,21,0,8.05,US,2022-09-27 23:44:45
378,Ranong,9.9658,98.6348,79.25,84,100,11.56,TH,2022-09-27 23:44:45
379,Klaksvik,62.2266,-6.589,45.52,89,83,20.58,FO,2022-09-27 23:44:45
380,Santa Rosalia,27.3167,-112.2833,88.45,52,6,3.56,MX,2022-09-27 23:44:46
381,Waingapu,-9.6567,120.2641,81.95,63,44,2.46,ID,2022-09-27 23:44:46
382,Arawa,-6.2132,155.5367,85.03,66,73,4.32,PG,2022-09-27 23:44:46
383,Codrington,-38.2667,141.9667,53.89,77,100,11.16,AU,2022-09-27 23:44:46
384,Mataram,-8.5833,116.1167,77.81,64,80,6.71,ID,2022-09-27 23:44:47
385,Isangel,-19.55,169.2667,84.31,70,20,9.22,VU,2022-09-27 23:44:47
386,Norman Wells,65.282,-126.8329,48.24,61,20,8.05,CA,2022-09-27 23:44:47
387,Sredniy Ikorets,51.0675,39.7584,55.47,95,100,8.59,RU,2022-09-27 23:44:47
388,Mandalgovi,45.7625,106.2708,55.53,24,48,7.87,MN,2022-09-27 23:44:48
389,Ancud,-41.8697,-73.8203,46.17,83,0,4.88,CL,2022-09-27 23:44:48
390,Ayaviri,-14.8864,-70.5889,53.38,17,76,5.61,PE,2022-09-27 23:44:48
391,Fairbanks,64.8378,-147.7164,41.59,90,100,4.61,US,2022-09-27 23:44:49
392,Chapleau,47.8405,-83.4034,39.29,93,100,10.36,CA,2022-09-27 23:44:49
393,Bahir Dar,11.5936,37.3908,57.72,87,29,3.22,ET,2022-09-27 23:44:49
394,Batticaloa,7.7102,81.6924,78.39,82,76,5.46,LK,2022-09-27 23:44:49
395,Ankang,32.68,109.0172,60.31,89,87,0.96,CN,2022-09-27 23:40:10
396,Prestea,5.4327,-2.1428,71.96,99,99,3.4,GH,2022-09-27 23:44:50
397,Dauriya,49.9333,116.8667,46.33,37,93,5.64,RU,2022-09-27 23:44:50
398,Vryheid,-27.7695,30.7917,60.3,92,27,2.62,ZA,2022-09-27 23:44:50
399,Saldanha,-33.0117,17.9442,46.45,88,19,7.81,ZA,2022-09-27 23:44:51
400,Karimnagar,18.4333,79.15,74.98,91,100,5.68,IN,2022-09-27 23:44:51
401,Ust-Ilimsk,58.0006,102.6619,31.03,82,100,5.37,RU,2022-09-27 23:44:51
402,Manaure,11.7751,-72.4445,84.25,77,97,9.17,CO,2022-09-27 23:44:51
403,Alofi,-19.0595,-169.9187,75.09,83,75,10.36,NU,2022-09-27 23:44:52
404,Quatre Cocos,-20.2078,57.7625,71.1,63,77,13.29,MU,2022-09-27 23:44:52
405,Dali,25.7,100.1833,60.24,91,8,0.92,CN,2022-09-27 23:44:52
406,Saint-Joseph,-21.3667,55.6167,66.58,72,26,9.33,RE,2022-09-27 23:44:53
407,San Carlos De Bariloche,-41.1456,-71.3082,53.35,35,0,5.75,AR,2022-09-27 23:44:53
408,Griffith,41.5284,-87.4237,57.11,58,100,11.5,US,2022-09-27 23:44:53
409,Pitimbu,-7.4706,-34.8086,75.79,71,4,11.7,BR,2022-09-27 23:44:53
410,Hofn,64.2539,-15.2082,44.71,70,30,4.41,IS,2022-09-27 23:45:54
411,Morro Bay,35.3658,-120.8499,82.2,49,5,8.01,US,2022-09-27 23:43:33
412,Ust-Maya,60.4167,134.5333,32.99,85,98,8.19,RU,2022-09-27 23:45:54
413,Bethel,41.3712,-73.414,62.49,75,0,3.44,US,2022-09-27 23:44:31
414,Tecoanapa,16.5167,-98.75,80.37,83,77,3.85,MX,2022-09-27 23:45:54
415,Port Blair,11.6667,92.75,78.84,89,75,1.14,IN,2022-09-27 23:45:55
416,Esperance,-33.8667,121.9,57.22,64,1,10.71,AU,2022-09-27 23:45:55
417,Kochubey,44.3861,46.5825,65.34,90,87,10.8,RU,2022-09-27 23:45:55
418,Arklow,52.7931,-6.1414,48.04,85,93,10.2,IE,2022-09-27 23:45:55
419,Akyab,20.15,92.9,78.39,90,89,4.16,MM,2022-09-27 23:45:56
420,Tabuk,17.4189,121.4443,77.7,89,100,0.72,PH,2022-09-27 23:45:56
421,Dauphin,51.1494,-100.0502,60.94,48,0,10.36,CA,2022-09-27 23:45:56
422,Shalinskoye,55.7228,93.7594,36.52,97,100,14.58,RU,2022-09-27 23:45:56
423,Sorkjosen,69.8,20.9333,41.0,75,39,2.3,NO,2022-09-27 23:45:57
424,Zhigansk,66.7697,123.3711,30.25,85,100,9.08,RU,2022-09-27 23:45:57
425,Arman,59.7,150.1667,42.53,77,100,10.98,RU,2022-09-27 23:45:57
426,Gat,31.61,34.7642,78.4,56,0,4.25,IL,2022-09-27 23:45:57
427,Kerman,30.2832,57.0788,51.66,25,0,0.0,IR,2022-09-27 23:45:58
428,Cabo San Lucas,22.8909,-109.9124,89.06,77,1,4.99,MX,2022-09-27 23:45:58
429,Port Keats,-14.25,129.55,86.68,57,53,0.87,AU,2022-09-27 23:45:58
430,Sovetsk,55.0839,21.8785,51.24,86,100,11.56,RU,2022-09-27 23:45:58
431,Hovd,48.0056,91.6419,46.38,46,53,9.95,MN,2022-09-27 23:45:59
432,Grindavik,63.8424,-22.4338,45.07,76,75,4.61,IS,2022-09-27 23:45:59
433,Ribeira Grande,38.5167,-28.7,70.43,64,68,10.45,PT,2022-09-27 23:45:59
434,Naryan-Mar,67.6713,53.087,28.2,73,5,6.62,RU,2022-09-27 23:46:00
435,Quelimane,-17.8786,36.8883,75.15,88,40,2.3,MZ,2022-09-27 23:46:00
436,Ouegoa,-20.35,164.4333,82.26,65,9,9.51,NC,2022-09-27 23:46:00
437,Hervey Bay,-25.2986,152.8535,70.2,78,100,7.92,AU,2022-09-27 23:45:16
438,La Paz,-16.5,-68.15,58.98,21,40,10.36,BO,2022-09-27 23:43:37
439,Ibra,22.6906,58.5334,75.36,72,3,4.18,OM,2022-09-27 23:46:01
440,Dunedin,-45.8742,170.5036,57.97,67,57,9.86,NZ,2022-09-27 23:45:24
441,Likasi,-10.9814,26.7333,68.18,41,70,3.22,CD,2022-09-27 23:46:02
442,Rodrigues Alves,-7.738,-72.6509,82.6,58,78,1.5,BR,2022-09-27 23:46:02
443,Kirakira,-10.4544,161.9205,84.09,64,64,8.32,SB,2022-09-27 23:46:02
444,Ngama,11.7833,17.1667,74.59,84,100,20.02,TD,2022-09-27 23:46:03
445,Yatou,37.15,122.3833,67.15,74,100,2.91,CN,2022-09-27 23:46:03
446,Rio Gallegos,-51.6226,-69.2181,48.87,59,51,15.9,AR,2022-09-27 23:46:03
447,Nadym,65.5333,72.5167,26.98,90,87,9.46,RU,2022-09-27 23:46:04
448,Hit,33.6416,42.8251,77.09,13,0,11.12,IQ,2022-09-27 23:46:04
449,Turukhansk,65.8167,87.9833,25.23,76,100,7.92,RU,2022-09-27 23:46:04
450,Sao Jose Da Coroa Grande,-8.8978,-35.1478,73.92,72,4,7.2,BR,2022-09-27 23:46:04
451,Palmeira,-25.4294,-50.0064,58.78,98,100,3.36,BR,2022-09-27 23:46:05
452,Mount Gambier,-37.8333,140.7667,55.87,68,72,9.13,AU,2022-09-27 23:46:05
453,Halifax,44.6453,-63.5724,64.29,99,100,11.5,CA,2022-09-27 23:42:15
454,Scottsbluff,41.8666,-103.6672,79.92,29,0,11.5,US,2022-09-27 23:44:12
455,Mayumba,-3.432,10.6554,75.2,83,98,6.46,GA,2022-09-27 23:46:05
456,Chepareria,1.3077,35.2039,59.83,75,85,4.0,KE,2022-09-27 23:47:06
457,Vallenar,-28.5708,-70.7581,59.0,60,1,4.76,CL,2022-09-27 23:47:06
458,Sao Joao Da Barra,-21.6403,-41.0511,75.29,94,99,11.99,BR,2022-09-27 23:47:06
459,Saint-Augustin,51.226,-58.6502,55.06,96,91,2.93,CA,2022-09-27 23:47:07
460,Trairi,-3.2778,-39.2689,78.28,78,0,13.51,BR,2022-09-27 23:42:55
461,Jaciara,-15.9653,-54.9683,78.75,64,64,2.26,BR,2022-09-27 23:47:07
462,Effium,6.6292,8.0593,72.7,96,100,5.77,NG,2022-09-27 23:47:08
463,Paamiut,61.994,-49.6678,42.53,95,100,13.4,GL,2022-09-27 23:47:08
464,Maarianhamina,60.0973,19.9348,53.46,87,0,6.91,AX,2022-09-27 23:47:08
465,Riyadh,24.6877,46.7219,75.34,12,0,3.83,SA,2022-09-27 23:47:08
466,Kilindoni,-7.9139,39.6668,75.43,72,29,12.21,TZ,2022-09-27 23:47:09
467,Bilibino,68.0546,166.4372,25.47,66,11,2.21,RU,2022-09-27 23:47:09
468,Comodoro Rivadavia,-45.8667,-67.5,58.86,31,0,5.75,AR,2022-09-27 23:47:09
469,Coihaique,-45.5752,-72.0662,49.95,57,40,5.75,CL,2022-09-27 23:47:10
470,Banyo,6.75,11.8167,63.05,97,99,3.22,CM,2022-09-27 23:47:10
471,Bereda,43.2686,-7.5406,60.42,100,96,3.06,ES,2022-09-27 23:47:10
472,Ivdel,60.6911,60.4206,24.39,89,82,4.9,RU,2022-09-27 23:47:10
473,Udachnyy,66.4167,112.4,23.45,92,99,9.17,RU,2022-09-27 23:47:11
474,Ugoofaaru,5.6667,73.0,82.09,70,57,16.6,MV,2022-09-27 23:47:11
475,Tabriz,38.08,46.2919,58.46,41,20,6.91,IR,2022-09-27 23:45:41
476,Hami,42.8,93.45,64.15,33,0,13.76,CN,2022-09-27 23:47:11
477,Atbasar,51.8,68.3333,34.12,73,100,10.8,KZ,2022-09-27 23:47:11
478,Mahebourg,-20.4081,57.7,71.26,64,40,11.5,MU,2022-09-27 23:47:12
479,Camacha,33.0833,-16.3333,67.42,64,40,10.36,PT,2022-09-27 23:47:12
480,Rocha,-34.4833,-54.3333,52.18,94,1,7.02,UY,2022-09-27 23:47:12
481,Kirovskiy,45.0917,133.5136,63.64,67,0,7.31,RU,2022-09-27 23:47:13
482,Diamantino,-14.4086,-56.4461,75.79,82,89,6.31,BR,2022-09-27 23:47:13
483,Ocos,14.5094,-92.1933,78.73,83,74,4.29,GT,2022-09-27 23:47:13
484,Puerto Padre,21.195,-76.6028,79.0,86,95,4.45,CU,2022-09-27 23:47:13
485,Petropavlovsk-Kamchatskiy,53.0452,158.6483,52.39,50,40,13.42,RU,2022-09-27 23:44:01
486,Clinton,42.587,-82.9199,55.94,78,75,17.27,US,2022-09-27 23:45:28
487,Joinville,-26.3044,-48.8456,67.91,77,75,3.44,BR,2022-09-27 23:47:14
488,Andenes,69.3143,16.1194,46.92,93,1,10.36,NO,2022-09-27 23:47:14
489,Balkanabat,39.5108,54.3671,73.36,21,0,14.41,TM,2022-09-27 23:47:14
490,Bam,29.106,58.357,76.8,13,0,7.09,IR,2022-09-27 23:47:15
491,Beringovskiy,63.05,179.3167,34.29,76,81,11.92,RU,2022-09-27 23:47:15
492,Grivenskaya,45.6473,38.176,64.24,74,100,5.41,RU,2022-09-27 23:47:15
493,Grand-Santi,4.25,-54.3833,79.43,55,85,2.93,GF,2022-09-27 23:47:16
494,Chegdomyn,51.1167,133.0167,46.35,62,80,8.59,RU,2022-09-27 23:47:16
495,Lagoa,39.05,-27.9833,69.37,73,75,16.22,PT,2022-09-27 23:47:16
496,Puerto Del Rosario,28.5004,-13.8627,73.15,78,0,17.27,ES,2022-09-27 23:47:17
497,Doha,25.2867,51.5333,85.98,58,0,8.05,QA,2022-09-27 23:47:17
498,Alice Springs,-23.7,133.8833,66.22,45,6,11.5,AU,2022-09-27 23:47:17
499,Kandri,21.4167,79.2667,74.77,91,64,5.39,IN,2022-09-27 23:47:18
500,Hasaki,35.7333,140.8333,73.8,63,73,20.98,JP,2022-09-27 23:47:18
501,Monterey,36.2505,-121.2516,90.18,18,0,11.95,US,2022-09-27 23:47:18
502,Sakakah,29.9697,40.2064,78.37,20,0,6.38,SA,2022-09-27 23:47:19
503,Bud,39.447,-86.1758,61.32,45,13,9.66,US,2022-09-27 23:47:19
504,Aykhal,66.0,111.5,19.89,95,100,9.22,RU,2022-09-27 23:48:19
505,Swanton,41.5887,-83.8911,57.18,72,40,10.36,US,2022-09-27 23:48:19
506,Chone,-0.6833,-80.1,73.13,79,86,7.52,EC,2022-09-27 23:48:20
507,Minab,27.1467,57.0801,81.77,77,2,1.83,IR,2022-09-27 23:48:20
508,Shenjiamen,29.9576,122.298,73.81,70,60,4.97,CN,2022-09-27 23:48:20
509,Udon Thani,17.3333,102.8333,78.71,89,20,4.61,TH,2022-09-27 23:47:45
510,Bulgan,48.8125,103.5347,48.43,66,100,2.64,MN,2022-09-27 23:48:20
511,Pisco,-13.7,-76.2167,62.65,72,0,16.11,PE,2022-09-27 23:48:21
512,Jalu,29.0331,21.5482,83.98,30,0,9.31,LY,2022-09-27 23:48:21
513,Ixtapa,20.7,-105.2,87.22,75,28,1.99,MX,2022-09-27 23:48:21
514,Lakatoro,-16.0999,167.4164,83.37,70,15,11.48,VU,2022-09-27 23:48:21
515,Taree,-31.9,152.4667,71.11,50,39,3.38,AU,2022-09-27 23:48:22
516,Aklavik,68.2191,-135.0107,32.38,99,100,16.13,CA,2022-09-27 23:48:22
517,Haines Junction,60.7522,-137.5108,53.55,37,77,10.36,CA,2022-09-27 23:48:22
518,Qasigiannguit,68.8193,-51.1922,41.25,98,85,2.01,GL,2022-09-27 23:48:23
519,Ofaqim,31.3141,34.6203,73.83,58,0,3.6,IL,2022-09-27 23:48:23
520,Saint-Michel-Des-Saints,46.6834,-73.9159,53.94,97,73,2.1,CA,2022-09-27 23:48:23
521,Waddan,29.1614,16.139,87.49,21,7,6.2,LY,2022-09-27 23:48:23
522,Guerrero Negro,27.9769,-114.0611,81.95,59,7,10.94,MX,2022-09-27 23:48:24
523,Rovaniemi,66.5,25.7167,44.01,100,100,5.75,FI,2022-09-27 23:48:24
524,Sobolevo,54.4299,31.8996,44.35,87,77,7.45,RU,2022-09-27 23:48:24
525,Lantawan,10.6167,123.9833,78.49,76,96,4.56,PH,2022-09-27 23:48:25
526,Bathurst,-33.4166,149.5806,57.96,63,54,1.01,AU,2022-09-27 23:48:25
527,Nishihara,26.1842,127.7558,81.68,77,40,5.75,JP,2022-09-27 23:48:25
528,Jabinyanah,35.035,10.9081,73.2,58,1,14.27,TN,2022-09-27 23:48:26
529,Southbridge,42.0751,-72.0334,62.17,85,32,4.99,US,2022-09-27 23:48:26
530,Bodden Town,19.2833,-81.25,84.99,72,20,10.0,KY,2022-09-27 23:48:26
531,Adrar,20.5022,-10.0711,94.24,17,55,3.13,MR,2022-09-27 23:48:27
532,Kondinskoye,59.6481,67.41,24.51,91,80,7.94,RU,2022-09-27 23:48:27
533,Wuan,31.6836,112.0044,69.26,52,100,1.72,CN,2022-09-27 23:48:27
534,Jiaocheng,24.6774,116.1389,82.17,63,51,2.01,CN,2022-09-27 23:48:27
535,Lensk,60.7253,114.9278,31.37,81,100,2.86,RU,2022-09-27 23:48:28
536,Arnes,60.1211,11.4663,50.68,94,100,8.25,NO,2022-09-27 23:48:28
537,Cockburn Town,21.4612,-71.1419,82.42,81,36,20.22,TC,2022-09-27 23:48:28
538,Ingham,42.6,-84.3833,51.91,91,89,12.66,US,2022-09-27 23:48:28
539,Redding,40.5865,-122.3917,91.17,24,0,10.36,US,2022-09-27 23:45:51
540,Tigil,57.8,158.6667,44.67,85,100,6.2,RU,2022-09-27 23:48:29
541,Jizan,17.3333,42.6667,88.74,57,58,1.43,SA,2022-09-27 23:48:29
542,Mariental,-24.6333,17.9667,67.96,19,75,3.71,NA,2022-09-27 23:43:51
543,Kisangani,0.5167,25.2,69.53,99,100,2.01,CD,2022-09-27 23:48:29
544,Naantali,60.4674,22.0243,48.85,87,0,6.91,FI,2022-09-27 23:48:29
545,Harper,4.375,-7.7169,75.29,91,65,7.72,LR,2022-09-27 23:48:30
546,Imeni Poliny Osipenko,52.4201,136.4853,48.83,59,76,3.0,RU,2022-09-27 23:48:30
547,Severo-Kurilsk,50.6789,156.125,51.48,72,14,18.9,RU,2022-09-27 23:48:30
548,Lethem,3.3803,-59.7968,83.01,64,99,4.88,GY,2022-09-27 23:48:30
549,Mabaruma,8.2,-59.7833,76.73,91,99,4.32,GY,2022-09-27 23:48:31
550,Tirat Karmel,32.7617,34.9719,73.69,66,0,7.56,IL,2022-09-27 23:48:31
551,Forio,40.7342,13.8646,69.42,69,16,8.01,IT,2022-09-27 23:48:31
552,San Quintin,30.4833,-115.95,76.32,69,1,11.27,MX,2022-09-27 23:48:32
553,Linguere,15.3953,-15.1193,83.28,68,33,7.02,SN,2022-09-27 23:49:32
554,Maceio,-9.6658,-35.7353,72.84,88,0,4.61,BR,2022-09-27 23:48:08
555,Vardo,70.3705,31.1107,46.38,87,100,12.66,NO,2022-09-27 23:49:32
556,Itupiranga,-5.1347,-49.3267,84.52,54,25,2.73,BR,2022-09-27 23:49:33
557,Kamphaeng Phet,16.25,99.5,74.32,89,100,1.95,TH,2022-09-27 23:49:33
558,Werda,-25.2667,23.2833,74.55,24,30,13.58,BW,2022-09-27 23:49:33
559,Nkoteng,4.5167,12.0333,68.18,98,100,5.79,CM,2022-09-27 23:49:34
560,Gladstone,-23.85,151.25,76.78,69,100,3.44,AU,2022-09-27 23:48:26
561,San Blas,21.5167,-105.2667,85.44,78,7,4.09,MX,2022-09-27 23:49:34
562,Meulaboh,4.1363,96.1285,73.53,94,100,5.14,ID,2022-09-27 23:49:34
563,Alvand,36.3187,49.1678,58.1,40,0,2.73,IR,2022-09-27 23:49:34
564,Putina,-15.4667,-69.4333,49.32,62,63,10.67,PE,2022-09-27 23:49:35
565,Poddorye,57.4695,31.1156,40.17,97,13,4.88,RU,2022-09-27 23:49:35
566,Mackay,-21.15,149.2,79.68,64,88,0.72,AU,2022-09-27 23:45:34
567,Tafresh,34.692,50.013,60.53,26,0,3.18,IR,2022-09-27 23:49:35
568,Donnacona,46.6804,-71.7239,57.11,98,87,3.62,CA,2022-09-27 23:44:56
569,Sibolga,1.7427,98.7792,75.13,90,99,2.08,ID,2022-09-27 23:49:36
570,Lysva,58.1086,57.8053,24.87,87,56,3.2,RU,2022-09-27 23:49:36
571,Mapiripan,2.8892,-72.1256,79.75,79,68,2.68,CO,2022-09-27 23:49:36
572,Kearney,40.6995,-99.0815,76.91,35,0,12.66,US,2022-09-27 23:49:37
573,Cumberland,35.0502,-78.8664,75.42,46,0,4.61,US,2022-09-27 23:49:37
574,Arrecife,28.963,-13.5477,71.58,78,20,10.36,ES,2022-09-27 23:49:38
575,Salym,60.0625,71.4789,26.71,93,91,5.95,RU,2022-09-27 23:49:38
576,Todos Santos,23.45,-110.2167,91.31,89,0,4.76,MX,2022-09-27 23:49:38
577,Nyanza,-2.3519,29.7509,57.67,81,91,3.6,RW,2022-09-27 23:49:39
578,Puncan,15.9071,120.9907,77.18,86,100,1.59,PH,2022-09-27 23:49:39
579,Shache,38.4167,77.2406,65.41,18,8,5.06,CN,2022-09-27 23:49:39
580,Lubango,-14.9172,13.4925,62.51,34,18,3.71,AO,2022-09-27 23:49:40
581,Erie,42.7667,-78.6664,58.12,81,98,1.99,US,2022-09-27 23:49:40
582,Kindu,-2.95,25.95,67.19,98,100,1.28,CD,2022-09-27 23:49:40
